"kingdom","phylum","class","order","family","spp_name","Global","Europe","weight"
"Plantae","Tracheophyta","Magnoliopsida","Lamiales","Oleaceae","Fraxinus_excelsior","Near Threatened","Near Threatened",2
"Plantae","Tracheophyta","Magnoliopsida","Rosales","Rosaceae","Malus_sylvestris","Data Deficient","Data Deficient",2
"Plantae","Tracheophyta","Magnoliopsida","Rosales","Ulmaceae","Ulmus_glabra","Data Deficient","Vulnerable",4
"Plantae","Tracheophyta","Magnoliopsida","Rosales","Ulmaceae","Ulmus_laevis","Data Deficient","Data Deficient",2
"Plantae","Tracheophyta","Magnoliopsida","Malpighiales","Salicaceae","Populus_nigra","Data Deficient","Data Deficient",2
"Plantae","Tracheophyta","Magnoliopsida","Rosales","Ulmaceae","Ulmus_minor","Data Deficient","Data Deficient",2
"Plantae","Tracheophyta","Magnoliopsida","Lamiales","Oleaceae","Olea_europaea","Least Concern","Data Deficient",2
"Plantae","Tracheophyta","Magnoliopsida","Sapindales","Sapindaceae","Acer_campestre","Least Concern","Least Concern",1
"Plantae","Tracheophyta","Magnoliopsida","Sapindales","Sapindaceae","Acer_opalus","Least Concern","Least Concern",1
"Plantae","Tracheophyta","Magnoliopsida","Sapindales","Sapindaceae","Acer_platanoides","Least Concern","Least Concern",1
"Plantae","Tracheophyta","Magnoliopsida","Fagales","Fagaceae","Quercus_cerris","Least Concern","Least Concern",1
"Plantae","Tracheophyta","Magnoliopsida","Fagales","Fagaceae","Quercus_coccifera","Least Concern","Least Concern",1
"Plantae","Tracheophyta","Magnoliopsida","Fagales","Fagaceae","Quercus_frainetto","Least Concern","Least Concern",1
"Plantae","Tracheophyta","Magnoliopsida","Fagales","Fagaceae","Quercus_pubescens","Least Concern","Least Concern",1
"Plantae","Tracheophyta","Magnoliopsida","Fagales","Fagaceae","Quercus_suber","Least Concern","Least Concern",1
"Plantae","Tracheophyta","Magnoliopsida","Fagales","Betulaceae","Carpinus_betulus","Least Concern","Least Concern",1
"Plantae","Tracheophyta","Magnoliopsida","Fagales","Betulaceae","Ostrya_carpinifolia","Least Concern","Least Concern",1
"Plantae","Tracheophyta","Magnoliopsida","Fagales","Betulaceae","Alnus_incana","Least Concern","Least Concern",1
"Plantae","Tracheophyta","Magnoliopsida","Fagales","Betulaceae","Carpinus_orientalis","Least Concern","Least Concern",1
"Plantae","Tracheophyta","Magnoliopsida","Ericales","Ericaceae","Arbutus_unedo","Least Concern","Least Concern",1
"Plantae","Tracheophyta","Magnoliopsida","Fagales","Fagaceae","Castanea_sativa","Least Concern","Least Concern",1
"Plantae","Tracheophyta","Magnoliopsida","Fabales","Fabaceae","Ceratonia_siliqua","Least Concern","Least Concern",1
"Plantae","Tracheophyta","Magnoliopsida","Sapindales","Anacardiaceae","Pistacia_lentiscus","Least Concern","Least Concern",1
"Plantae","Tracheophyta","Magnoliopsida","Laurales","Lauraceae","Laurus_nobilis","Least Concern","Least Concern",1
"Plantae","Tracheophyta","Magnoliopsida","Malvales","Malvaceae","Tilia_cordata","Least Concern","Least Concern",1
"Plantae","Tracheophyta","Magnoliopsida","Lamiales","Oleaceae","Fraxinus_angustifolia","Least Concern","Least Concern",1
"Plantae","Tracheophyta","Magnoliopsida","Malpighiales","Salicaceae","Populus_alba","Least Concern","Least Concern",1
"Plantae","Tracheophyta","Magnoliopsida","Malpighiales","Salicaceae","Salix_alba","Least Concern","Least Concern",1
"Plantae","Tracheophyta","Pinopsida","Pinales","Cupressaceae","Cupressus_sempervirens","Least Concern","Least Concern",1
"Plantae","Tracheophyta","Pinopsida","Pinales","Cupressaceae","Juniperus_thurifera","Least Concern","Least Concern",1
"Plantae","Tracheophyta","Pinopsida","Pinales","Pinaceae","Pinus_brutia","Least Concern","Least Concern",1
"Plantae","Tracheophyta","Pinopsida","Pinales","Pinaceae","Pinus_halepensis","Least Concern","Least Concern",1
"Plantae","Tracheophyta","Pinopsida","Pinales","Pinaceae","Pinus_nigra","Least Concern","Least Concern",1
"Plantae","Tracheophyta","Pinopsida","Pinales","Pinaceae","Pinus_pinaster","Least Concern","Least Concern",1
"Plantae","Tracheophyta","Pinopsida","Pinales","Pinaceae","Pinus_sylvestris","Least Concern","Least Concern",1
"Plantae","Tracheophyta","Magnoliopsida","Fagales","Betulaceae","Betula_pendula","Least Concern","Least Concern",1
"Plantae","Tracheophyta","Magnoliopsida","Fagales","Fagaceae","Quercus_ilex","Least Concern","Least Concern",1
"Plantae","Tracheophyta","Magnoliopsida","Fagales","Fagaceae","Quercus_petraea","Least Concern","Least Concern",1
"Plantae","Tracheophyta","Magnoliopsida","Fagales","Betulaceae","Alnus_glutinosa","Least Concern","Least Concern",1
"Plantae","Tracheophyta","Magnoliopsida","Fagales","Betulaceae","Corylus_avellana","Least Concern","Least Concern",1
"Plantae","Tracheophyta","Magnoliopsida","Fagales","Fagaceae","Quercus_robur","Least Concern","Least Concern",1
"Plantae","Tracheophyta","Magnoliopsida","Rosales","Rosaceae","Prunus_avium","Least Concern","Least Concern",1
"Plantae","Tracheophyta","Magnoliopsida","Rosales","Rosaceae","Prunus_padus","Least Concern","Least Concern",1
"Plantae","Tracheophyta","Magnoliopsida","Rosales","Rosaceae","Pyrus_communis","Least Concern","Least Concern",1
"Plantae","Tracheophyta","Magnoliopsida","Fabales","Fabaceae","Robinia_pseudoacacia","Least Concern","Least Concern",1
"Plantae","Tracheophyta","Magnoliopsida","Sapindales","Anacardiaceae","Pistacia_terebinthus","Least Concern","Least Concern",1
"Plantae","Tracheophyta","Magnoliopsida","Fagales","Juglandaceae","Juglans_regia","Least Concern","Least Concern",1
"Plantae","Tracheophyta","Magnoliopsida","Malpighiales","Salicaceae","Populus_tremula","Least Concern","Least Concern",1
"Plantae","Tracheophyta","Magnoliopsida","Fagales","Fagaceae","Fagus_sylvatica","Least Concern","Least Concern",1
"Plantae","Tracheophyta","Pinopsida","Pinales","Pinaceae","Picea_abies","Least Concern","Least Concern",1
"Plantae","Tracheophyta","Magnoliopsida","Fagales","Fagaceae","Quercus_faginea","Least Concern","Least Concern",1
"Plantae","Tracheophyta","Magnoliopsida","Fagales","Fagaceae","Quercus_pyrenaica","Least Concern","Least Concern",1
"Plantae","Tracheophyta","Magnoliopsida","Sapindales","Sapindaceae","Acer_pseudoplatanus","Least Concern","Least Concern",1
"Plantae","Tracheophyta","Magnoliopsida","Rosales","Cannabaceae","Celtis_australis","Least Concern","Least Concern",1
"Plantae","Tracheophyta","Magnoliopsida","Lamiales","Oleaceae","Fraxinus_ornus","Least Concern","Least Concern",1
"Plantae","Tracheophyta","Magnoliopsida","Rosales","Rosaceae","Sorbus_aucuparia","Least Concern","Least Concern",1
"Plantae","Tracheophyta","Pinopsida","Pinales","Pinaceae","Larix_decidua","Least Concern","Least Concern",1
"Plantae","Tracheophyta","Pinopsida","Pinales","Pinaceae","Abies_alba","Least Concern","Least Concern",1
"Plantae","Tracheophyta","Pinopsida","Pinales","Pinaceae","Pinus_cembra","Least Concern","Least Concern",1
"Plantae","Tracheophyta","Pinopsida","Pinales","Taxaceae","Taxus_baccata","Least Concern","Least Concern",1
"Plantae","Tracheophyta","Pinopsida","Pinales","Pinaceae","Pinus_pinea","Least Concern","Least Concern",1
"Plantae","Tracheophyta","Magnoliopsida","Fagales","Betulaceae","Betula_pubescens","Least Concern","Least Concern",1
"Plantae","Tracheophyta","Magnoliopsida","Malvales","Malvaceae","Tilia_platyphyllos","Least Concern","Least Concern",1
"Plantae","Tracheophyta","Magnoliopsida","Rosales","Rosaceae","Aria_edulis","Least Concern","Least Concern",1
"Plantae","Tracheophyta","Magnoliopsida","Rosales","Rosaceae","Borkhausenia_intermedia","Least Concern","Least Concern",1
"Plantae","Tracheophyta","Magnoliopsida","Rosales","Rosaceae","Cormus_domestica","Least Concern","Least Concern",1
"Plantae","Tracheophyta","Magnoliopsida","Rosales","Rosaceae","Torminalis_glaberrima","Least Concern","Least Concern",1
